question,answer
Where can I find datasets for practicing machine learning?,"Datasets can be found on various platforms like Kaggle, UCI Machine Learning Repository, and government data portals. Kaggle is particularly popular for its diverse collection."
What programming language is commonly used in machine learning?,"Python is the most widely used programming language for machine learning due to its simplicity, extensive libraries (like scikit-learn and TensorFlow), and a large community."
How do I decide which algorithm to use for my machine learning project?,The choice of algorithm depends on the nature of your data and the problem you're trying to solve. Common starting points include linear regression for regression tasks and logistic regression for classification.
Are there any online courses or tutorials for learning machine learning?,"Yes, platforms like Coursera, Udacity, and edX offer excellent courses on machine learning. Popular courses include Andrew Ng's Machine Learning on Coursera."
How can I handle missing data in my dataset?,"Strategies include removing rows with missing values, imputing missing values using statistical methods, or employing advanced techniques like predictive modeling."
Is it necessary to have a strong mathematical background to learn machine learning?,"While a strong mathematical background is helpful for a deeper understanding, many practitioners start with basic concepts and gradually delve into more advanced mathematics as needed."
Can you recommend a simple project for a beginner in machine learning?,Predicting house prices based on features like square footage and location is a classic beginner project. It involves regression and allows for hands-on experience with data preprocessing and model training.
"What are hyperparameters, and how do I tune them for better model performance?","Hyperparameters are external configuration settings for a model, such as learning rate or the number of hidden layers. Hyperparameter tuning involves adjusting these settings to optimize the model's performance, often using techniques like grid search or random search."
How can I stay updated on the latest developments in machine learning?,"Following reputable journals, attending conferences (such as NeurIPS and ICML), and engaging with the community through forums like Stack Overflow and Reddit are great ways to stay updated."
What is machine learning?,Machine learning is a subset of artificial intelligence that focuses on developing algorithms allowing computers to learn from data.
What is the difference between a validation set and a test set?,"A validation set is used during the training phase to tune hyperparameters and assess model performance, while a test set is reserved for the final evaluation after model training to simulate how the model will perform on new, unseen data."
Explain the difference between supervised and unsupervised learning.,"In supervised learning, the algorithm is trained on a labeled dataset, while unsupervised learning deals with unlabeled data, aiming to find patterns or groupings."
Can you provide an example of a supervised learning algorithm?,Linear regression is an example of a supervised learning algorithm used for predicting continuous values.
What is overfitting in machine learning?,"Overfitting occurs when a model learns the training data too well, including noise, and performs poorly on new, unseen data."
How does a decision tree work?,"A decision tree makes decisions by recursively splitting the dataset based on features, aiming to create branches that lead to accurate predictions."
Explain the concept of cross-validation.,Cross-validation is a technique used to assess a model's performance by splitting the dataset into multiple subsets for training and testing.
What is the purpose of regularization in machine learning?,"Regularization is used to prevent overfitting by adding a penalty term to the model's objective function, discouraging overly complex models."
Describe the K-nearest neighbors (KNN) algorithm.,KNN is a simple algorithm that classifies an object based on the majority class of its k-nearest neighbors in the feature space.
What is gradient descent?,Gradient descent is an optimization algorithm used to minimize the cost function by iteratively adjusting model parameters in the direction of steepest descent.
How does a neural network function?,"A neural network is composed of interconnected nodes (neurons) organized in layers, with each connection having a weight. It learns by adjusting these weights during training."
What are hyperparameters in machine learning?,"Hyperparameters are external configuration settings for a model, such as learning rate or the number of hidden layers, that are set before training."
Explain the bias-variance tradeoff.,"The bias-variance tradeoff is the balance between a model's ability to fit the training data closely (low bias) and its generalization to new, unseen data (low variance)."
What is the purpose of feature scaling in machine learning?,"Feature scaling standardizes the range of independent variables, preventing features with larger scales from dominating the learning process."
How does the Support Vector Machine (SVM) algorithm work?,SVM finds a hyperplane that best separates classes in the feature space and maximizes the margin between them.
What is the difference between batch gradient descent and stochastic gradient descent?,"Batch gradient descent updates model parameters using the entire training dataset, while stochastic gradient descent updates parameters based on a single randomly chosen data point."
Explain the concept of precision and recall in classification.,"Precision measures the accuracy of positive predictions, while recall measures the ability of a model to capture all relevant instances."
What is a confusion matrix in machine learning?,"A confusion matrix is a table that summarizes the performance of a classification algorithm, showing true positives, true negatives, false positives, and false negatives."
Can you provide an example of an unsupervised learning algorithm?, K-means clustering is an example of an unsupervised learning algorithm used for partitioning data into distinct groups.
Describe the role of activation functions in neural networks.,"Activation functions introduce non-linearity to neural networks, enabling them to learn complex patterns and relationships in data."
What is the purpose of dropout in neural networks?, Dropout is a regularization technique that randomly drops a percentage of neurons during training to prevent overfitting and enhance model generalization.
Explain the concept of cross-entropy loss in machine learning.,"Cross-entropy loss measures the performance of a classification model whose output is a probability value, comparing predicted probabilities to actual class labels."
What is the purpose of a learning rate in gradient descent?,The learning rate determines the size of the steps taken during gradient descent. It influences the convergence speed and stability of the optimization process.
How does Principal Component Analysis (PCA) work in dimensionality reduction?,"PCA transforms high-dimensional data into a lower-dimensional representation, retaining the most important information while minimizing loss."
"What is ensemble learning, and how does it improve model performance?","Ensemble learning combines predictions from multiple models to produce a more robust and accurate final prediction, reducing overfitting and increasing generalization."
Explain the concept of bagging in ensemble learning.,Bagging involves training multiple instances of the same model on different subsets of the training data and combining their predictions through averaging or voting.
What is the role of the activation function in a neural network?,"The activation function introduces non-linearity to the output of each neuron, allowing the neural network to learn complex patterns and relationships in the data."
Can you differentiate between precision and accuracy in classification?,"Precision measures the accuracy of positive predictions, while accuracy is the ratio of correctly predicted instances to the total number of instances."
"What is the Curse of Dimensionality, and how does it impact machine learning?","The Curse of Dimensionality refers to challenges associated with high-dimensional data, including increased computational complexity and the need for more data to train models effectively."
Explain the concept of transfer learning in the context of neural networks.,"Transfer learning involves using knowledge gained from training a model on one task to improve performance on a related task, often by fine-tuning the pre-trained model."
How can you handle imbalanced datasets in machine learning?,"Techniques for handling imbalanced datasets include oversampling the minority class, undersampling the majority class, and using synthetic data generation methods."
What is the role of a loss function in machine learning?,"A loss function measures the difference between predicted values and actual values, guiding the optimization process during model training."
Explain the concept of a ROC curve in classification.,"The Receiver Operating Characteristic (ROC) curve visualizes the trade-off between true positive rate and false positive rate, helping to evaluate a model's classification performance."
How does the backpropagation algorithm work in training neural networks?,Backpropagation is an iterative optimization algorithm that adjusts the weights of a neural network by propagating errors backward from the output layer to the input layer.
Can you provide an example of a reinforcement learning application?,An example of reinforcement learning is training a computer program to play and improve at games through trial and error.
What are hyperparameter tuning techniques in machine learning?,"Hyperparameter tuning involves optimizing the external settings of a model, such as grid search or random search, to find the best configuration for optimal performance."
Explain the concept of data augmentation in image recognition.,"Data augmentation involves applying transformations (rotations, flips, zooms) to existing images, increasing the diversity of the training dataset and improving model generalization."
What is the role of a kernel in Support Vector Machines (SVM)?,"A kernel in SVM defines the type of decision boundary used to separate classes in a high-dimensional space, allowing for better classification in non-linear scenarios."
How do you handle missing data in a dataset?,"Strategies for handling missing data include removing rows with missing values, imputing missing values with statistical measures, or using advanced techniques like predictive modeling."
 Can you explain the bias-variance tradeoff in the context of model complexity?,The bias-variance tradeoff suggests a balance between a model's ability to fit the training data closely (low bias) and its generalization to new data (low variance) based on its complexity.
Describe the role of a confusion matrix in evaluating a classification model.,"A confusion matrix provides a detailed breakdown of a classification model's performance, showing true positives, true negatives, false positives, and false negatives."
What is the purpose of a learning curve in machine learning?,A learning curve visualizes how a model's performance changes over time as it is trained on increasing amounts of data. It helps assess underfitting or overfitting.
Explain the concept of early stopping in the context of training neural networks.,"Early stopping involves halting the training process when the model's performance on a validation set starts deteriorating, preventing overfitting."
How can you deal with categorical data in machine learning?,"Techniques for handling categorical data include one-hot encoding, label encoding, or using embeddings, depending on the nature of the data and the algorithm."
"What is the difference between precision and recall, and when might you prioritize one over the other?","Precision is the ratio of correctly predicted positive observations to the total predicted positives, while recall is the ratio of correctly predicted positives to the total actual positives. The choice depends on the application; for example, in medical diagnosis, recall might be prioritized to minimize false negatives."
Explain the concept of a decision boundary in a machine learning model.,"A decision boundary is a surface that separates different classes in the feature space, determining how a model classifies instances."
What is the role of feature selection in machine learning?,"Feature selection involves choosing a subset of relevant features from the dataset, improving model interpretability, and potentially reducing overfitting."
Can you provide an example of a clustering algorithm in unsupervised learning?," K-means clustering is a popular example of a clustering algorithm, aiming to partition data into distinct groups based on similarities."
Explain the concept of a bias term in linear regression.,"The bias term (or intercept) in linear regression represents the value of the dependent variable when all independent variables are zero, providing flexibility to the model."
What is the purpose of dropout in neural networks?,"Dropout is a regularization technique used in neural networks to randomly deactivate some neurons during training, preventing overfitting and enhancing generalization."
How does the Naive Bayes algorithm work in classification tasks?,Naive Bayes is a probabilistic algorithm that calculates the probability of an instance belonging to a particular class based on the probabilities of its features given the class.
What is the purpose of the F1-score in classification evaluation metrics?,"The F1-score is the harmonic mean of precision and recall, providing a balanced measure that considers both false positives and false negatives."
Explain the concept of regularization in machine learning and its types.,"Regularization is a technique to prevent overfitting. L1 regularization adds the absolute values of coefficients to the loss function, while L2 regularization adds the squared values."
"How does the Random Forest algorithm work, and what are its advantages?","Random Forest builds multiple decision trees and combines their predictions, providing better generalization and robustness compared to individual trees."
What are the challenges and considerations in handling time-series data?,"Time-series data challenges include seasonality, trends, and temporal dependencies. Techniques like differencing and autoregressive models can be applied for analysis."
Explain the concept of batch normalization in neural networks.,"Batch normalization normalizes input features to each layer, reducing internal covariate shift and improving the training speed and stability of neural networks."
How can you address the issue of class imbalance in a classification problem?,"Techniques to address class imbalance include resampling methods (oversampling minority class or undersampling majority class), using different evaluation metrics, or employing ensemble methods."
What is the role of a loss function in reinforcement learning?," In reinforcement learning, a loss function guides the agent's learning by quantifying the difference between predicted and actual values, helping it improve over time."
How does the concept of bag-of-words work in natural language processing?,"Bag-of-words represents text as an unordered set of words, discarding grammar and word order, and is often used as a simple feature extraction technique in text analysis."
Can you explain the concept of transfer learning in NLP?,Transfer learning in natural language processing involves leveraging pre-trained language models (like BERT or GPT) on a large corpus to improve performance on specific downstream tasks.
What is the difference between bias and variance in the context of model error?,"Bias represents the error introduced by approximating a real-world problem, while variance is the model's sensitivity to variations in the training data. The bias-variance tradeoff aims to balance these two sources of error."
"What is cross-validation, and why is it important in machine learning?","Cross-validation is a technique where the dataset is divided into multiple subsets, and the model is trained and evaluated on different combinations, providing a more robust assessment of its performance."
Explain the concept of LSTMs (Long Short-Term Memory) in recurrent neural networks (RNNs).," LSTMs are a type of RNN that addresses the vanishing gradient problem, allowing the model to capture long-term dependencies in sequential data."
How does the concept of transfer learning apply to computer vision?,Transfer learning in computer vision involves using pre-trained convolutional neural networks (CNNs) on large image datasets to improve the performance of specific image recognition tasks.
What is the difference between bagging and boosting in ensemble learning?,"Bagging builds multiple models independently and combines their predictions, while boosting builds models sequentially, with each new model correcting the errors of the previous ones."
"Explain the term ""confounding variable"" in the context of experimental design.","A confounding variable is an extraneous variable that correlates with both the independent and dependent variables, leading to a potential misinterpretation of the results."
How does a support vector machine (SVM) handle non-linear decision boundaries?," SVM can handle non-linear decision boundaries by using the kernel trick, which maps the input features into a higher-dimensional space where a linear separation is possible."
What is the role of an activation function in a neural network?,"An activation function introduces non-linearity to the output of a neuron, enabling neural networks to learn complex patterns and relationships in the data."
Can you explain the concept of precision-recall tradeoff?,The precision-recall tradeoff is a balance between precision and recall in classification models. Increasing one often leads to a decrease in the other.
What is the difference between generative and discriminative models?,"Generative models learn the joint probability distribution of the input features and labels, while discriminative models learn the conditional probability of the labels given the input features."
How do you handle multicollinearity in a linear regression model?,"Techniques for handling multicollinearity include feature selection, combining correlated features, or using regularization methods like Ridge regression."
Explain the concept of word embeddings in natural language processing.,"Word embeddings are vector representations of words in a continuous vector space, capturing semantic relationships and contextual information between words."
What are some common techniques for handling outliers in a dataset?,"Techniques for handling outliers include truncation, winsorization, or transforming the data using mathematical functions."
Can you provide an example of a semi-supervised learning algorithm?,"Self-training is an example of a semi-supervised learning algorithm where a model is initially trained on labeled data and then iteratively trained on unlabeled data, pseudo-labeling the unlabeled instances."
How does the concept of batch normalization work in neural networks?,"Batch normalization normalizes the input of each layer in a neural network, improving training speed, stability, and the model's generalization."
What is the purpose of a confusion matrix in a classification problem?,"A confusion matrix provides a detailed breakdown of a model's performance, showing true positives, true negatives, false positives, and false negatives."
Explain the concept of a Markov chain in the context of reinforcement learning.,"A Markov chain is a sequence of events where the probability of each event depends only on the state of the previous event, commonly used to model dynamic decision processes."
How does the concept of dropout regularization work in neural networks?,"Dropout involves randomly deactivating some neurons during training, preventing overfitting and enhancing the generalization of a neural network."
Can you describe the curse of dimensionality and its impact on machine learning models?,"The curse of dimensionality refers to challenges and increased computational complexity associated with high-dimensional data, affecting the performance of machine learning models."
Explain the concept of transfer learning in the context of image classification.,Transfer learning in image classification involves leveraging pre-trained convolutional neural networks (CNNs) on large image datasets to improve the performance on specific image recognition tasks.
What is the role of an activation function in a neural network?,"An activation function introduces non-linearity to the output of a neuron, allowing neural networks to learn complex patterns and relationships in the data."
How does the concept of attention mechanism work in neural networks?," Attention mechanisms focus on different parts of input sequences when making predictions, allowing models to selectively attend to relevant information."
Can you explain the concept of precision at k in information retrieval?,"Precision at k measures the accuracy of the top k predictions made by a model in information retrieval tasks, considering only the relevance of the top-ranked items."
What is the purpose of a learning rate scheduler in gradient descent optimization?,"A learning rate scheduler dynamically adjusts the learning rate during training, helping to achieve faster convergence and more stable optimization."
Explain the concept of reinforcement learning and its applications.,"Reinforcement learning involves an agent learning to make decisions by interacting with an environment and receiving feedback. Applications include robotics, game playing, and autonomous systems."
How does the concept of imputation work in handling missing data?,Imputation involves replacing missing values with estimated or predicted values based on the available information in the dataset.
What is the role of the activation function in a convolutional neural network (CNN)?,"In a CNN, activation functions introduce non-linearity to the output of convolutional layers, enabling the network to learn complex hierarchical features in images."
Can you provide an example of a clustering algorithm in unsupervised learning?,DBSCAN (Density-Based Spatial Clustering of Applications with Noise) is an example of a clustering algorithm used to identify dense regions in data.
 How does the concept of gradient boosting improve model performance?,"Gradient boosting builds an ensemble of weak learners sequentially, each correcting errors of the previous ones, leading to a powerful and accurate model."
What are some common regularization techniques in machine learning?,"Common regularization techniques include L1 regularization, L2 regularization, and dropout, which aim to prevent overfitting and improve model generalization."
Explain the bias-variance tradeoff and how it impacts model performance.,The bias-variance tradeoff represents a balance between a model's ability to fit the training data closely (low bias) and its generalization to new data (low variance). Understanding this tradeoff is crucial for model selection and tuning.
